{
    "total_runtime": 125.0947539806366,
    "num_documents": 1,
    "input_load_time": 0,
    "workflows": {
        "create_base_text_units": {
            "overall": 0.2944488525390625,
            "0_orderby": 0.001001119613647461,
            "1_zip": 0.0024302005767822266,
            "2_aggregate_override": 0.0040013790130615234,
            "3_chunk": 0.2680017948150635,
            "4_select": 0.002002716064453125,
            "5_unroll": 0.0019986629486083984,
            "6_rename": 0.0015063285827636719,
            "7_genid": 0.0020079612731933594,
            "8_unzip": 0.0025060176849365234,
            "9_copy": 0.001439809799194336,
            "10_filter": 0.0075528621673583984
        },
        "create_base_extracted_entities": {
            "overall": 0.08590245246887207,
            "0_entity_extract": 0.07280230522155762,
            "1_snapshot": 0.0025103092193603516,
            "2_merge_graphs": 0.009587287902832031,
            "3_snapshot_rows": 0.0010025501251220703
        },
        "create_final_covariates": {
            "overall": 121.56822061538696,
            "0_extract_covariates": 121.56253671646118,
            "1_window": 0.0010879039764404297,
            "2_genid": 0.0012900829315185547,
            "3_convert": 0.0016968250274658203,
            "4_rename": 0.0005061626434326172,
            "5_select": 0.0005884170532226562
        },
        "create_summarized_entities": {
            "overall": 0.023653745651245117,
            "0_summarize_descriptions": 0.020631790161132812,
            "1_snapshot_rows": 0.0019989013671875
        },
        "join_text_units_to_covariate_ids": {
            "overall": 0.004378080368041992,
            "0_select": 0.0010025501251220703,
            "1_aggregate_override": 0.003375530242919922
        },
        "create_base_entity_graph": {
            "overall": 0.017947912216186523,
            "0_cluster_graph": 0.0153961181640625,
            "1_snapshot_rows": 0.0025517940521240234
        },
        "create_final_entities": {
            "overall": 0.07265543937683105,
            "0_unpack_graph": 0.002002716064453125,
            "1_rename": 0.0009992122650146484,
            "2_select": 0.0009987354278564453,
            "3_dedupe": 0.0009992122650146484,
            "4_rename": 0.0,
            "5_filter": 0.0025365352630615234,
            "6_text_split": 0.0010018348693847656,
            "7_drop": 0.0009980201721191406,
            "8_merge": 0.008941411972045898,
            "9_text_embed": 0.04916572570800781,
            "10_drop": 0.0,
            "11_filter": 0.004006385803222656
        },
        "create_final_nodes": {
            "overall": 0.036435604095458984,
            "0_layout_graph": 0.01175236701965332,
            "1_unpack_graph": 0.0032091140747070312,
            "2_unpack_graph": 0.00377655029296875,
            "3_drop": 0.001062631607055664,
            "4_filter": 0.0032320022583007812,
            "5_select": 0.0005033016204833984,
            "6_snapshot": 0.0026879310607910156,
            "7_rename": 0.0005314350128173828,
            "8_convert": 0.0021104812622070312,
            "9_join": 0.006475210189819336,
            "10_rename": 0.0010945796966552734
        },
        "create_final_communities": {
            "overall": 0.052552223205566406,
            "0_unpack_graph": 0.002512216567993164,
            "1_unpack_graph": 0.0035119056701660156,
            "2_aggregate_override": 0.002004384994506836,
            "3_join": 0.006039142608642578,
            "4_join": 0.008397102355957031,
            "5_concat": 0.0020368099212646484,
            "6_filter": 0.0048618316650390625,
            "7_aggregate_override": 0.003512859344482422,
            "8_join": 0.006945610046386719,
            "9_filter": 0.0047605037689208984,
            "10_fill": 0.0011043548583984375,
            "11_merge": 0.0036551952362060547,
            "12_copy": 0.0016188621520996094,
            "13_select": 0.0015914440155029297
        },
        "join_text_units_to_entity_ids": {
            "overall": 0.0049991607666015625,
            "0_select": 0.0,
            "1_unroll": 0.002002239227294922,
            "2_aggregate_override": 0.0019958019256591797
        },
        "create_final_relationships": {
            "overall": 0.017151355743408203,
            "0_unpack_graph": 0.003023862838745117,
            "1_filter": 0.003103494644165039,
            "2_rename": 0.0,
            "3_filter": 0.004004955291748047,
            "4_drop": 0.001505136489868164,
            "5_compute_edge_combined_degree": 0.0035142898559570312,
            "6_convert": 0.0009992122650146484,
            "7_convert": 0.0010004043579101562
        },
        "join_text_units_to_relationship_ids": {
            "overall": 0.005019426345825195,
            "0_select": 0.0,
            "1_unroll": 0.001504659652709961,
            "2_aggregate_override": 0.0025093555450439453,
            "3_select": 0.001005411148071289
        },
        "create_final_community_reports": {
            "overall": 0.03568434715270996,
            "0_prepare_community_reports_nodes": 0.002037525177001953,
            "1_prepare_community_reports_edges": 0.002317667007446289,
            "2_prepare_community_reports_claims": 0.002048492431640625,
            "3_restore_community_hierarchy": 0.004005908966064453,
            "4_prepare_community_reports": 0.01825857162475586,
            "5_create_community_reports": 0.0065119266510009766,
            "6_window": 0.0005042552947998047
        },
        "create_final_text_units": {
            "overall": 0.02228856086730957,
            "0_select": 0.0016350746154785156,
            "1_rename": 0.000537872314453125,
            "2_join": 0.004857540130615234,
            "3_join": 0.00479578971862793,
            "4_join": 0.0067119598388671875,
            "5_aggregate_override": 0.0026886463165283203,
            "6_select": 0.0005178451538085938
        },
        "create_base_documents": {
            "overall": 0.018568754196166992,
            "0_unroll": 0.0010046958923339844,
            "1_select": 0.0,
            "2_rename": 0.0015041828155517578,
            "3_join": 0.004511117935180664,
            "4_aggregate_override": 0.002000093460083008,
            "5_join": 0.006549835205078125,
            "6_rename": 0.00099945068359375,
            "7_convert": 0.0010004043579101562
        },
        "create_final_documents": {
            "overall": 0.0009996891021728516,
            "0_rename": 0.0009996891021728516
        }
    }
}